src_c01.100A,LINF_010010100
src_c01.120A,LINF_010011900
src_c01.20A,LINF_010005800
src_c01.30A,LINF_010006300
src_c01.40,LINF_010006600
src_c01.50A,LINF_010007050
src_c01.70,LINF_010008500
src_c01.80,LINF_010009500
src_c01.90A,LINF_010009900
src_c02.100B,LINF_020007500
src_c02.110C,LINF_020007950
src_c02.120C,LINF_020009400
src_c02.130,LINF_020009800
src_c02.140,LINF_020011000
src_c02.20A,LINF_020005400
src_c02.30A,LINF_020005800
src_c02.40B,LINF_020006700
src_c02.50A,LINF_020006900
src_c02.60C,LINF_020007000
src_c02.70,LINF_020007000
src_c02.80B,LINF_020007000
src_c02.90A,LINF_020007100
src_c03.10,LINF_030009600
src_c03.20,LINF_030011300
src_c03.40A,LINF_030011700
src_c04.120B,LINF_040015700
src_c04.140C,LINF_040017000
src_c04.30,LINF_040005100
src_c04.40A,LINF_040005400
src_c04.60A,LINF_040008300
src_c04.80,LINF_040012300
src_c04.90,LINF_040013700
src_c05.100,LINF_050010700
src_c05.110,LINF_050011600
src_c05.130B,LINF_050015825
src_c05.170C,LINF_050017400
src_c05.180C,LINF_050017460
src_c05.190,LINF_050017500
src_c05.200,LINF_050017500
src_c05.20A,LINF_050005500
src_c05.210C,LINF_050019850
src_c05.30A,LINF_050005900
src_c05.40A,LINF_050006200
src_c05.50A,LINF_050006300
src_c05.60A,LINF_050007800
src_c05.70,LINF_050008400
src_c05.80,LINF_050009600
src_c05.90,LINF_050010700
src_c06.100B,LINF_060010900
src_c06.110B,LINF_060011700
src_c06.130,LINF_060013000
src_c06.140,LINF_060014900
src_c06.150,LINF_060016300
src_c06.160C,LINF_060016400
src_c06.170C,LINF_060016600
src_c06.180C,LINF_060016800
src_c06.200C,LINF_060016900
src_c06.20A,LINF_060005150
src_c06.210C,LINF_060018100
src_c06.220C,LINF_060018400
src_c06.230C,LINF_060018400
src_c06.240,LINF_060019000
src_c06.250,LINF_060019000
src_c06.260C,LINF_060019100
src_c06.30,LINF_060005150
src_c06.40A,LINF_060005400
src_c06.50,LINF_060008400
src_c06.60,LINF_060008400
src_c06.70,LINF_060008400
src_c06.80B,LINF_060009300
src_c06.90B,LINF_060010700
src_c07.100C,LINF_070009500
src_c07.110,LINF_070010120
src_c07.130,LINF_070010800
src_c07.140D,LINF_070012100
src_c07.150,LINF_070012175
src_c07.160D,LINF_070013000
src_c07.170C,LINF_070013000
src_c07.180C,LINF_070013600
src_c07.200E,LINF_070014900
src_c07.210E,LINF_070015050
src_c07.220,LINF_070015100
src_c07.250F,LINF_070015800
src_c07.260F,LINF_070016600
src_c07.280F,LINF_070017900
src_c07.290F,LINF_070018050
src_c07.300F,LINF_070018050
src_c07.30C,LINF_070005300
src_c07.310F,LINF_070018200
src_c07.40C,LINF_070005500
src_c07.60C,LINF_070006650
src_c07.70C,LINF_070006700
src_c07.80C,LINF_070007850
src_c07.90C,LINF_070009100
src_c08.100B,LINF_080011700
src_c08.110B,LINF_080011800
src_c08.120C,LINF_080011860
src_c08.140C,LINF_080011950
src_c08.200C,LINF_080012450
src_c08.20A,LINF_080006000
src_c08.250F,LINF_080013700
src_c08.260F,LINF_080014500
src_c08.270G,LINF_080015625
src_c08.300G,LINF_080015675
src_c08.310G,LINF_080015700
src_c08.340F,LINF_080017500
src_c08.40,LINF_080006700
src_c08.60,LINF_080009800
src_c08.70,LINF_080009800
src_c08.90,LINF_080011500
src_c09.120C,LINF_090013050
src_c09.150D,LINF_090016950
src_c09.170D,LINF_090017800
src_c09.180D,LINF_090017900
src_c09.190D,LINF_090018400
src_c09.20,LINF_090005900
src_c09.200D,LINF_090018400
src_c09.210,LINF_090019200
src_c09.220,LINF_090019200
src_c09.230D,LINF_090019850
src_c09.240D,LINF_090020200
src_c09.250,LINF_090020500
src_c09.260D,LINF_090020800
src_c09.270D,LINF_090021000
src_c09.280D,LINF_090021400
src_c09.290,LINF_090021900
src_c09.30,LINF_090006000
src_c09.300,LINF_090022400
src_c09.60D,LINF_090008300
src_c09.70B,LINF_090008300
src_c09.80,LINF_090008800
src_c10.100,LINF_100008850
src_c10.10A,LINF_100005000
src_c10.110,LINF_100008900
src_c10.120,LINF_100008900
src_c10.130B,LINF_100009100
src_c10.140B,LINF_100009300
src_c10.150B,LINF_100009350
src_c10.160B,LINF_100009400
src_c10.170,LINF_100009500
src_c10.200,LINF_100011350
src_c10.20B,LINF_100005100
src_c10.210,LINF_100011400-500
src_c10.220,LINF_100011400-500
src_c10.230,LINF_100011400-500
src_c10.240,LINF_100011600
src_c10.250E,LINF_100011650
src_c10.260E,LINF_100011800
src_c10.270E,LINF_100013850
src_c10.280E,LINF_100013900
src_c10.290,LINF_100014200
src_c10.30,LINF_100005500
src_c10.300,LINF_100017200
src_c10.310A,LINF_100019100
src_c10.320,LINF_100019200
src_c10.330F,LINF_100019600
src_c10.340A,LINF_100019730
src_c10.350A,LINF_100020300
src_c10.360F,LINF_100020400
src_c10.370A,LINF_100020500
src_c10.380A,LINF_100020500
src_c10.390A,LINF_100020600
src_c10.40,LINF_100005500
src_c10.400A,LINF_100020900
src_c10.410B,LINF_100021100
src_c10.420A,LINF_100021200
src_c10.50,LINF_100005700
src_c10.60C,LINF_100006550
src_c10.70C,LINF_100007200
src_c10.90D,LINF_100008800
src_c11.110F,LINF_110009720
src_c11.140E,LINF_110010350
src_c11.150E,LINF_110010800
src_c11.160E,LINF_110011100
src_c11.170E,LINF_110011200
src_c11.180E,LINF_110011450
src_c11.190G,LINF_110011500
src_c11.200F,LINF_110011500
src_c11.20B,LINF_110005500
src_c11.210F,LINF_110011500
src_c11.220F,LINF_110011500
src_c11.230F,LINF_110012200
src_c11.240C,LINF_110012300
src_c11.250C,LINF_110012600
src_c11.260C,LINF_110012900
src_c11.270,LINF_110014000
src_c11.280,LINF_110014000
src_c11.290,LINF_110014300
src_c11.300,LINF_110014300
src_c11.30B,LINF_110005600
src_c11.310G,LINF_110014300
src_c11.320F,LINF_110014300
src_c11.350D,LINF_110015150
src_c11.360H,LINF_110015400
src_c11.370H,LINF_110015900
src_c11.380H,LINF_110017100
src_c11.390I,LINF_110018500
src_c11.40B,LINF_110006400
src_c11.410,LINF_110019725
src_c11.50B,LINF_110007000
src_c11.60,LINF_110007600
src_c11.70,LINF_110008700
src_c11.80C,LINF_110008800
src_c12.100C,LINF_120008200
src_c12.10A,LINF_120006350
src_c12.120C,LINF_120009300
src_c12.130,LINF_120009400
src_c12.140D,LINF_120010050
src_c12.160E,LINF_120010250
src_c12.170,LINF_120010425
src_c12.180D,LINF_120010425
src_c12.200,LINF_120010800
src_c12.20A,LINF_120006400
src_c12.220,LINF_120011100
src_c12.230,LINF_120011850
src_c12.240,LINF_120011850
src_c12.250F,LINF_120012400
src_c12.270F,LINF_120012900
src_c12.290F,LINF_120013560
src_c12.30,LINF_120006700
src_c12.330,LINF_120015050
src_c12.340,LINF_120015050
src_c12.350G,LINF_120015500
src_c12.360,LINF_120015800
src_c12.370,LINF_120015800
src_c12.380H,LINF_120016200
src_c12.390H,LINF_120016200
src_c12.40,LINF_120006700
src_c12.400H,LINF_120016450
src_c12.410,LINF_120016800
src_c12.420G,LINF_120017600
src_c12.430H,LINF_120017600
src_c12.60C,LINF_120007650
src_c12.80B,LINF_120007960
src_c12.90C,LINF_120007960
src_c13.100C,LINF_130010100
src_c13.10A,LINF_130004900
src_c13.120C,LINF_130011500
src_c13.130E,LINF_130012000
src_c13.140D,LINF_130012400
src_c13.170F,LINF_130015600
src_c13.180F,LINF_130016950
src_c13.190G,LINF_130018900
src_c13.200G,LINF_130018900
src_c13.20B,LINF_130005900
src_c13.210G,LINF_130019450
src_c13.220G,LINF_130019450
src_c13.230G,LINF_130020500
src_c13.240G,LINF_130020800
src_c13.250G,LINF_130020800
src_c13.260G,LINF_130021000
src_c13.270G,LINF_130021150
src_c13.280G,LINF_130021150
src_c13.290G,LINF_130021300
src_c13.30,LINF_130006900
src_c13.300G,LINF_130021400
src_c13.310,LINF_130021900
src_c13.40B,LINF_130006900
src_c13.50B,LINF_130007000
src_c13.60C,LINF_130007600
src_c13.70,LINF_130009300
src_c13.80C,LINF_130009450
src_c13.90,LINF_130009500
src_c14.100B,LINF_140009000
src_c14.120B,LINF_140009200
src_c14.130B,LINF_140010000
src_c14.140B,LINF_140010200
src_c14.150,LINF_140010850
src_c14.160C,LINF_140012400
src_c14.170C,LINF_140012400
src_c14.180C,LINF_140012400
src_c14.190C,LINF_140012400
src_c14.200C,LINF_140012400
src_c14.20A,LINF_140005600
src_c14.210C,LINF_140012500
src_c14.220C,LINF_140012600
src_c14.230C,LINF_140012750
src_c14.240,LINF_140012800
src_c14.250D,LINF_140012850
src_c14.260,LINF_140013200
src_c14.270D,LINF_140013500
src_c14.280,LINF_140015000
src_c14.290C,LINF_140015500
src_c14.300,LINF_140016100
src_c14.30A,LINF_140006500
src_c14.310C,LINF_140016730
src_c14.330,LINF_140018400
src_c14.340E,LINF_140018600
src_c14.350E,LINF_140019400
src_c14.360E,LINF_140019500
src_c14.370E,LINF_140019600
src_c14.380E,LINF_140020400
src_c14.40,LINF_140007200
src_c14.410,LINF_140021100
src_c14.60B,LINF_140008400
src_c14.70B,LINF_140008500
src_c15.100B,LINF_150013000
src_c15.110B,LINF_150013500
src_c15.120,LINF_150013750
src_c15.130B,LINF_150013800
src_c15.150,LINF_150014050
src_c15.160,LINF_150015150
src_c15.170,LINF_150015400
src_c15.180D,LINF_150016600
src_c15.190D,LINF_150017000
src_c15.20A,LINF_150005400
src_c15.210,LINF_150020400
src_c15.220E,LINF_150020400
src_c15.230F,LINF_150020900
src_c15.240F,LINF_150021800
src_c15.250C,LINF_150022400
src_c15.260F,LINF_150023000
src_c15.30A,LINF_150005500
src_c15.40A,LINF_150005600
src_c15.50A,LINF_150006300
src_c15.60A,LINF_150007000
src_c15.70,LINF_150007200
src_c15.80A,LINF_150007200
src_c15.90A,LINF_150008000
src_c16.100B,LINF_160009900
src_c16.110,LINF_160010050
src_c16.120B,LINF_160010400
src_c16.130B,LINF_160011100
src_c16.140B,LINF_160013000
src_c16.160C,LINF_160014300
src_c16.170,LINF_160015350
src_c16.180,LINF_160015600
src_c16.190C,LINF_160015660
src_c16.200D,LINF_160015820
src_c16.20A,LINF_160006950
src_c16.210E,LINF_160015850
src_c16.220C,LINF_160016260
src_c16.230D,LINF_160016400
src_c16.240E,LINF_160016750
src_c16.270D,LINF_160017350
src_c16.290D,LINF_160018300
src_c16.30A,LINF_160007100
src_c16.310,LINF_160019700
src_c16.320,LINF_160019700
src_c16.330,LINF_160020900
src_c16.340,LINF_160020900
src_c16.350,LINF_160020900
src_c16.360,LINF_160020900
src_c16.380,LINF_160021000
src_c16.390F,LINF_160021300
src_c16.400F,LINF_160022600
src_c16.40A,LINF_160007100
src_c16.50A,LINF_160007600
src_c16.60A,LINF_160007600
src_c16.70,LINF_160008700
src_c16.90B,LINF_160009500
src_c17.10,LINF_170007350
src_c17.120B,LINF_170010200
src_c17.140,LINF_170010400
src_c17.150,LINF_170010400
src_c17.160B,LINF_170011050
src_c17.170,LINF_170012300
src_c17.180,LINF_170012300
src_c17.190,LINF_170012300
src_c17.200C,LINF_170012600
src_c17.220C,LINF_170012800
src_c17.240C,LINF_170013300
src_c17.250C,LINF_170013350
src_c17.260C,LINF_170013350
src_c17.270C,LINF_170013700
src_c17.280C,LINF_170014800
src_c17.290,LINF_170015850
src_c17.300,LINF_170015850
src_c17.320,LINF_170016500
src_c17.330C,LINF_170017550
src_c17.340,LINF_170017700
src_c17.380,LINF_170019200
src_c17.390E,LINF_170019300
src_c17.400E,LINF_170019300
src_c17.410E,LINF_170019300
src_c17.420E,LINF_170020300
src_c17.430E,LINF_170020300
src_c17.440E,LINF_170020500
src_c17.450E,LINF_170020500
src_c17.460E,LINF_170020500
src_c17.470E,LINF_170020800
src_c17.480E,LINF_170020800
src_c17.490E,LINF_170020800
src_c17.520E,LINF_170021800
src_c17.60B,LINF_170007850
src_c17.70A,LINF_170008200
src_c17.80B,LINF_170008600
src_c18.10A,LINF_180005700
src_c18.110C,LINF_180008700
src_c18.120,LINF_180008900
src_c18.140D,LINF_180009000
src_c18.150,LINF_180009250
src_c18.160E,LINF_180010400
src_c18.180F,LINF_180010900
src_c18.20B,LINF_180006400
src_c18.210C,LINF_180011800
src_c18.220F,LINF_180011850
src_c18.230,LINF_180011850
src_c18.250F,LINF_180012200
src_c18.280,LINF_180015630
src_c18.290H,LINF_180015930
src_c18.30C,LINF_180006700
src_c18.320J,LINF_180016800
src_c18.330H,LINF_180016800
src_c18.340H,LINF_180016800
src_c18.350I,LINF_180017050
src_c18.360H,LINF_180017050
src_c18.370J,LINF_180017600
src_c18.380K,LINF_180018350
src_c18.390L,LINF_180018550
src_c18.400K,LINF_180018600
src_c18.40B,LINF_180006800
src_c18.410K,LINF_180018700
src_c18.420K,LINF_180018800
src_c18.430H,LINF_180019700
src_c18.440H,LINF_180019700
src_c18.450L,LINF_180019800
src_c18.460H,LINF_180020050
src_c18.490I,LINF_180020300
src_c18.500M,LINF_180020300
src_c18.50C,LINF_180006800
src_c18.510N,LINF_180020850
src_c18.530N,LINF_180021350
src_c18.540L,LINF_180021400
src_c18.550L,LINF_180021950
src_c18.570L,LINF_180022400
src_c18.580I,LINF_180022400
src_c18.590M,LINF_180022400
src_c18.60A,LINF_180006900
src_c18.70,LINF_180006950
src_c18.80C,LINF_180007000
src_c19.100C,LINF_190009700
src_c19.10A,LINF_190006600
src_c19.110C,LINF_190010200
src_c19.120E,LINF_190010300
src_c19.130C,LINF_190010300
src_c19.140C,LINF_190010500
src_c19.150E,LINF_190010600
src_c19.160E,LINF_190010950
src_c19.170D,LINF_190011700
src_c19.180E,LINF_190011800
src_c19.190D,LINF_190011900
src_c19.20A,LINF_190006900
src_c19.250F,LINF_190015300
src_c19.260F,LINF_190015900
src_c19.270,LINF_190015900
src_c19.290F,LINF_190016300
src_c19.300F,LINF_190016300
src_c19.30A,LINF_190007000
src_c19.310F,LINF_190016300
src_c19.320G,LINF_190016300
src_c19.330H,LINF_190017300
src_c19.340H,LINF_190017400
src_c19.350,LINF_190017650
src_c19.360F,LINF_190017750
src_c19.370H,LINF_190018700
src_c19.40A,LINF_190007300
src_c19.410I,LINF_190019700
src_c19.440I,LINF_190020000
src_c19.450F,LINF_190020150
src_c19.460K,LINF_190020150
src_c19.500K,LINF_190021200
src_c19.50B,LINF_190007800
src_c19.510K,LINF_190021400
src_c19.520F,LINF_190021500
src_c19.530F,LINF_190021500
src_c19.60B,LINF_190007900
src_c19.70A,LINF_190008000
src_c19.80A,LINF_190008500
src_c19.90E,LINF_190009400
src_c20.100B,LINF_200008550
src_c20.110B,LINF_200008850
src_c20.120B,LINF_200009800
src_c20.130,LINF_200011100
src_c20.140D,LINF_200011200
src_c20.150C,LINF_200011200
src_c20.160,LINF_200012100
src_c20.170C,LINF_200012300
src_c20.200,LINF_200013100
src_c20.20A,LINF_200004900
src_c20.210,LINF_200015250
src_c20.220F,LINF_200015300
src_c20.230E,LINF_200015450
src_c20.240D,LINF_200015500
src_c20.250,LINF_200015500
src_c20.260E,LINF_200015600
src_c20.270E,LINF_200015750
src_c20.280F,LINF_200016200
src_c20.290F,LINF_200016730
src_c20.300F,LINF_200016760
src_c20.30A,LINF_200005300
src_c20.320F,LINF_200016770
src_c20.340F,LINF_200017300
src_c20.350,LINF_200017800
src_c20.360F,LINF_200017900
src_c20.370G,LINF_200019500
src_c20.380G,LINF_200020750
src_c20.390H,LINF_200020750
src_c20.400G,LINF_200022000
src_c20.40A,LINF_200005900
src_c20.410H,LINF_200022000
src_c20.420,LINF_200022200
src_c20.430,LINF_200022200
src_c20.50A,LINF_200006150
src_c20.60,LINF_200006400
src_c20.70,LINF_200006600
src_c20.80B,LINF_200007900
src_c20.90B,LINF_200008150
src_c21.100A,LINF_210012000
src_c21.110A,LINF_210012200
src_c21.120A,LINF_210012730
src_c21.140A,LINF_210012860
src_c21.150A,LINF_210013500
src_c21.160A,LINF_210013600
src_c21.170A,LINF_210013900
src_c21.180A,LINF_210014100
src_c21.190A,LINF_210014300
src_c21.20,LINF_210005500
src_c21.200A,LINF_210014700
src_c21.210A,LINF_210016200
src_c21.240C,LINF_210020600
src_c21.250C,LINF_210021500
src_c21.260C,LINF_210022000
src_c21.280C,LINF_210022400
src_c21.290C,LINF_210022600
src_c21.30,LINF_210005600
src_c21.300C,LINF_210022900
src_c21.310C,LINF_210024000
src_c21.320D,LINF_210024600
src_c21.330E,LINF_210024600
src_c21.340,LINF_210024600
src_c21.350F,LINF_210024600
src_c21.360F,LINF_210024700
src_c21.370C,LINF_210024700
src_c21.380D,LINF_210025400
src_c21.390E,LINF_210025400
src_c21.40,LINF_210006700
src_c21.400F,LINF_210025600
src_c21.410G,LINF_210026600
src_c21.420G,LINF_210027300
src_c21.50,LINF_210006700
src_c21.60,LINF_210007900
src_c21.70A,LINF_210008600
src_c21.80A,LINF_210010750
src_c21.90B,LINF_210010750
src_c22.100,LINF_220007400
src_c22.110B,LINF_220009100
src_c22.120B,LINF_220010200
src_c22.130B,LINF_220010400
src_c22.150C,LINF_220012300
src_c22.160D,LINF_220012400
src_c22.170D,LINF_220012400
src_c22.180E,LINF_220012400
src_c22.190D,LINF_220012600
src_c22.200D,LINF_220012600
src_c22.210E,LINF_220012600
src_c22.220D,LINF_220012800
src_c22.230D,LINF_220012800
src_c22.240E,LINF_220012800
src_c22.250D,LINF_220013250
src_c22.260E,LINF_220013250
src_c22.270F,LINF_220013300
src_c22.280E,LINF_220013300
src_c22.290F,LINF_220013350
src_c22.30,LINF_220005800
src_c22.300D,LINF_220013350
src_c22.310E,LINF_220013350
src_c22.320F,LINF_220013600
src_c22.340,LINF_220014000
src_c22.360E,LINF_220014400
src_c22.370D,LINF_220014400
src_c22.390C,LINF_220014500
src_c22.40,LINF_220005800
src_c22.400,LINF_220015150
src_c22.410,LINF_220015500
src_c22.420E,LINF_220015500
src_c22.430E,LINF_220015500
src_c22.440D,LINF_220015500
src_c22.450,LINF_220015600
src_c22.460G,LINF_220018600
src_c22.470G,LINF_220018950
src_c22.480H,LINF_220019150
src_c22.490G,LINF_220019150
src_c22.500I,LINF_220020500
src_c22.50A,LINF_220006550
src_c22.510,LINF_220020500
src_c22.520H,LINF_220020700
src_c22.550J,LINF_220021300
src_c22.560J,LINF_220021900
src_c22.570I,LINF_220022400
src_c22.580,LINF_220022550
src_c22.590,LINF_220023125
src_c22.600,LINF_220023125
src_c22.70,LINF_220006650
src_c22.80A,LINF_220006650
src_c22.90,LINF_220007200
src_c23.100D,LINF_230007700
src_c23.110C,LINF_230007900
src_c23.120B,LINF_230007900
src_c23.130B,LINF_230007900
src_c23.140D,LINF_230007900
src_c23.170E,LINF_230009500
src_c23.180F,LINF_230009500
src_c23.190,LINF_230009700
src_c23.200A,LINF_230009700
src_c23.240E,LINF_230011000
src_c23.250F,LINF_230011000
src_c23.260F,LINF_230011100
src_c23.270E,LINF_230011100
src_c23.280F,LINF_230011100
src_c23.300G,LINF_230012750
src_c23.330,LINF_230013700
src_c23.340,LINF_230013900
src_c23.350I,LINF_230013900
src_c23.360H,LINF_230014000
src_c23.370I,LINF_230014600
src_c23.380,LINF_230014800
src_c23.390J,LINF_230014850
src_c23.40,LINF_230007200
src_c23.400J,LINF_230014900
src_c23.410K,LINF_230015100
src_c23.420I,LINF_230015200
src_c23.430K,LINF_230015900
src_c23.440K,LINF_230016400
src_c23.450K,LINF_230017000
src_c23.460K,LINF_230017025
src_c23.470K,LINF_230017050
src_c23.480K,LINF_230017075
src_c23.490K,LINF_230017100
src_c23.500K,LINF_230017200
src_c23.50B,LINF_230007300
src_c23.520L,LINF_230018500
src_c23.530H,LINF_230019700
src_c23.540L,LINF_230019800
src_c23.550L,LINF_230019900
src_c23.560L,LINF_230020100
src_c23.570L,LINF_230020150
src_c23.580L,LINF_230020360
src_c23.600L,LINF_230020800
src_c23.60C,LINF_230007300
src_c23.610L,LINF_230021000
src_c23.620,LINF_230022000
src_c23.630M,LINF_230022900
src_c23.640M,LINF_230023000
src_c23.650M,LINF_230023400
src_c23.680,LINF_230024700
src_c23.690O,LINF_230024900
src_c23.70C,LINF_230007300
src_c23.710N,LINF_230026200
src_c23.720,LINF_230026400
src_c23.80C,LINF_230007550
src_c23.90B,LINF_230007550
src_c24.100B,LINF_240008600
src_c24.110B,LINF_240008800
src_c24.120C,LINF_240009100
src_c24.140B,LINF_240009200
src_c24.150,LINF_240010000
src_c24.160D,LINF_240010800
src_c24.170,LINF_240010800
src_c24.190E,LINF_240012700
src_c24.200E,LINF_240012800
src_c24.20A,LINF_240006000
src_c24.210E,LINF_240013300
src_c24.220F,LINF_240016000
src_c24.230F,LINF_240016900
src_c24.240F,LINF_240016900
src_c24.250F,LINF_240016900
src_c24.260F,LINF_240016930
src_c24.270F,LINF_240016930
src_c24.290F,LINF_240016960
src_c24.300F,LINF_240016960
src_c24.30A,LINF_240006200
src_c24.310F,LINF_240016960
src_c24.320F,LINF_240017800
src_c24.330F,LINF_240017900
src_c24.350F,LINF_240017950
src_c24.360F,LINF_240018250
src_c24.370,LINF_240018250
src_c24.380F,LINF_240018800
src_c24.390F,LINF_240019000
src_c24.400F,LINF_240019300
src_c24.40B,LINF_240007800
src_c24.410,LINF_240019830
src_c24.420G,LINF_240019860
src_c24.430H,LINF_240019860
src_c24.440G,LINF_240021200
src_c24.450H,LINF_240021200
src_c24.470I,LINF_240021900
src_c24.480H,LINF_240022350
src_c24.490I,LINF_240023200
src_c24.50C,LINF_240008250
src_c24.510J,LINF_240024650
src_c24.520J,LINF_240024900
src_c24.530J,LINF_240025000
src_c24.540J,LINF_240025600
src_c24.550K,LINF_240026500
src_c24.570K,LINF_240026850
src_c24.580K,LINF_240026850
src_c24.590K,LINF_240027700
src_c24.60,LINF_240008300
src_c24.70C,LINF_240008300
src_c24.80B,LINF_240008400
src_c25.100C,LINF_250012500
src_c25.10A,LINF_250005000
src_c25.110C,LINF_250013100
src_c25.120,LINF_250013500
src_c25.130D,LINF_250013900
src_c25.140D,LINF_250014200
src_c25.150,LINF_250015760
src_c25.160,LINF_250016300
src_c25.170E,LINF_250016700
src_c25.180E,LINF_250017300
src_c25.190F,LINF_250017550
src_c25.200G,LINF_250019200
src_c25.20B,LINF_250006100
src_c25.220G,LINF_250020200
src_c25.230G,LINF_250020700
src_c25.240G,LINF_250020900
src_c25.250G,LINF_250021200
src_c25.260,LINF_250021230
src_c25.280G,LINF_250021950
src_c25.290G,LINF_250022300
src_c25.300H,LINF_250023500
src_c25.30A,LINF_250006300
src_c25.310H,LINF_250024000
src_c25.330J,LINF_250026900
src_c25.340I,LINF_250028500
src_c25.350I,LINF_250029700
src_c25.360I,LINF_250030000
src_c25.380I,LINF_250031200
src_c25.390K,LINF_250031250
src_c25.40,LINF_250006300
src_c25.400K,LINF_250031250
src_c25.410J,LINF_250031250
src_c25.50B,LINF_250007000
src_c25.60B,LINF_250007200
src_c25.70A,LINF_250007950
src_c25.80,LINF_250009900
src_c25.90C,LINF_250012000
src_c26.100B,LINF_260009800
src_c26.110B,LINF_260009800
src_c26.120C,LINF_260011300
src_c26.150C,LINF_260013000
src_c26.160C,LINF_260013200
src_c26.170C,LINF_260014400
src_c26.180,LINF_260016300
src_c26.190D,LINF_260019100
src_c26.200D,LINF_260019400
src_c26.20B,LINF_260006500
src_c26.210E,LINF_260019400
src_c26.220,LINF_260019500
src_c26.240D,LINF_260020000
src_c26.250D,LINF_260020000
src_c26.260D,LINF_260020650
src_c26.280,LINF_260021800
src_c26.290D,LINF_260021850
src_c26.300D,LINF_260022450
src_c26.30B,LINF_260006800
src_c26.320,LINF_260023450
src_c26.330F,LINF_260023700
src_c26.340F,LINF_260023900
src_c26.350F,LINF_260024150
src_c26.380,LINF_260024900
src_c26.390,LINF_260024900
src_c26.400H,LINF_260026000
src_c26.40B,LINF_260006950
src_c26.410,LINF_260026100
src_c26.420I,LINF_260026100
src_c26.440I,LINF_260026300
src_c26.470J,LINF_260031100
src_c26.480K,LINF_260031100
src_c26.490L,LINF_260031100
src_c26.500K,LINF_260031400
src_c26.50B,LINF_260006950
src_c26.510L,LINF_260031400
src_c26.520J,LINF_260031700
src_c26.530K,LINF_260032200
src_c26.540L,LINF_260032200
src_c26.550J,LINF_260032400
src_c26.60B,LINF_260008800
src_c26.70B,LINF_260008800
src_c26.80,LINF_260009200
src_c27.100A,LINF_270008060
src_c27.110A,LINF_270008100
src_c27.120A,LINF_270008200
src_c27.140A,LINF_270009500
src_c27.150A,LINF_270009750
src_c27.160A,LINF_270009800
src_c27.180,LINF_270012660
src_c27.190,LINF_270012900
src_c27.200B,LINF_270012900
src_c27.20A,LINF_270005500
src_c27.210C,LINF_270012900
src_c27.220,LINF_270013200
src_c27.230,LINF_270013200
src_c27.250B,LINF_270013300
src_c27.260C,LINF_270013300
src_c27.280,LINF_270014350
src_c27.290D,LINF_270014800
src_c27.300D,LINF_270015000
src_c27.30A,LINF_270006100
src_c27.310D,LINF_270015300
src_c27.320E,LINF_270015500
src_c27.330F,LINF_270015500
src_c27.340D,LINF_270015600
src_c27.350D,LINF_270015750
src_c27.360,LINF_270015750
src_c27.370D,LINF_270015900
src_c27.380E,LINF_270016000
src_c27.390F,LINF_270016000
src_c27.400F,LINF_270016050
src_c27.40A,LINF_270006600
src_c27.410E,LINF_270016050
src_c27.420D,LINF_270016200
src_c27.430D,LINF_270017100
src_c27.440G,LINF_270017800
src_c27.450D,LINF_270018200
src_c27.460,LINF_270018250
src_c27.470G,LINF_270018400
src_c27.480H,LINF_270018900
src_c27.490H,LINF_270019160
src_c27.530I,LINF_270021300
src_c27.540I,LINF_270022000
src_c27.550,LINF_270022350
src_c27.560J,LINF_270022600
src_c27.570,LINF_270023150
src_c27.580J,LINF_270023150
src_c27.600M,LINF_270023300
src_c27.610M,LINF_270023500
src_c27.620K,LINF_270024400
src_c27.630M,LINF_270024500
src_c27.650L,LINF_270024600
src_c27.660L,LINF_270024650
src_c27.680M,LINF_270026300
src_c27.690M,LINF_270027100
src_c27.700N,LINF_270027400
src_c27.70A,LINF_270007500
src_c27.710N,LINF_270027400
src_c27.720N,LINF_270027600
src_c27.740N,LINF_270027850
src_c27.750N,LINF_270028000
src_c27.760N,LINF_270028300
src_c27.770N,LINF_270028600
src_c27.780N,LINF_270028600
src_c27.790N,LINF_270030200
src_c27.80,LINF_270007550
src_c27.90,LINF_270007550
src_c28.100A,LINF_280009350
src_c28.110A,LINF_280009600
src_c28.120A,LINF_280009750
src_c28.140B,LINF_280012700
src_c28.160,LINF_280015450
src_c28.180C,LINF_280016650
src_c28.190C,LINF_280016900
src_c28.20,LINF_280005800
src_c28.200D,LINF_280017100
src_c28.210,LINF_280019300
src_c28.220D,LINF_280019400
src_c28.230,LINF_280019600
src_c28.240,LINF_280019600
src_c28.250D,LINF_280019600
src_c28.260,LINF_280019700
src_c28.270D,LINF_280019700
src_c28.280E,LINF_280019700
src_c28.290E,LINF_280019800
src_c28.30,LINF_280006850
src_c28.300F,LINF_280019900
src_c28.310F,LINF_280019900
src_c28.320D,LINF_280020050
src_c28.330G,LINF_280020050
src_c28.340G,LINF_280021400
src_c28.360G,LINF_280022200
src_c28.370,LINF_280023300
src_c28.380H,LINF_280025900
src_c28.390I,LINF_280026200
src_c28.400I,LINF_280026450
src_c28.40A,LINF_280007300
src_c28.410H,LINF_280026600
src_c28.420I,LINF_280027400
src_c28.450,LINF_280027960
src_c28.460I,LINF_280027960
src_c28.470I,LINF_280029250
src_c28.480J,LINF_280030150
src_c28.490J,LINF_280030700
src_c28.50,LINF_280008300
src_c28.510H,LINF_280032200
src_c28.520J,LINF_280032300
src_c28.530J,LINF_280032650
src_c28.540K,LINF_280036800
src_c28.550,LINF_280037200
src_c28.560K,LINF_280037700
src_c28.570K,LINF_280039700
src_c28.60A,LINF_280008350
src_c28.70,LINF_280008350
src_c28.80,LINF_280008350
src_c28.90A,LINF_280009200
src_c29.1000P,LINF_290030800
src_c29.1010P,LINF_290031600
src_c29.1030P,LINF_290031700
src_c29.1040P,LINF_290031800
src_c29.1050O,LINF_290032100
src_c29.1060O,LINF_290032200
src_c29.1070Q,LINF_290032800
src_c29.1080,LINF_290033100
src_c29.1100Q,LINF_290033600
src_c29.1130O,LINF_290035050
src_c29.1140O,LINF_290035050
src_c29.1160J,LINF_290035700
src_c29.1170R,LINF_290035800
src_c29.1180O,LINF_290035800
src_c29.1190O,LINF_290035800
src_c29.120E,LINF_290007400
src_c29.150E,LINF_290008900
src_c29.160,LINF_290009350
src_c29.170,LINF_290009350
src_c29.180,LINF_290009350
src_c29.190,LINF_290009400
src_c29.200,LINF_290009400
src_c29.20B,LINF_290005350
src_c29.220F,LINF_290010600
src_c29.230G,LINF_290012400
src_c29.240G,LINF_290012900
src_c29.260F,LINF_290013800
src_c29.270,LINF_290013800
src_c29.280H,LINF_290014100
src_c29.290H,LINF_290014250
src_c29.300H,LINF_290014300
src_c29.310,LINF_290014550
src_c29.330H,LINF_290014575
src_c29.340,LINF_290015150
src_c29.350H,LINF_290015200
src_c29.360H,LINF_290015400
src_c29.390,LINF_290017300
src_c29.400,LINF_290018600
src_c29.40B,LINF_290005550
src_c29.420,LINF_290019000
src_c29.430J,LINF_290019350
src_c29.450I,LINF_290019445
src_c29.460I,LINF_290019500
src_c29.470I,LINF_290019600
src_c29.480J,LINF_290019700
src_c29.490,LINF_290019700
src_c29.500I,LINF_290019925
src_c29.510I,LINF_290019925
src_c29.520I,LINF_290020000
src_c29.540I,LINF_290020150
src_c29.550I,LINF_290020550
src_c29.560I,LINF_290020550
src_c29.570I,LINF_290020550
src_c29.580I,LINF_290020550
src_c29.590I,LINF_290020800
src_c29.60,LINF_290005900
src_c29.600,LINF_290020800
src_c29.610K,LINF_290020900
src_c29.620K,LINF_290021100
src_c29.630K,LINF_290021300
src_c29.640K,LINF_290021500
src_c29.650I,LINF_290021550
src_c29.660I,LINF_290021700
src_c29.670I,LINF_290021800
src_c29.680K,LINF_290022000
src_c29.690L,LINF_290022000
src_c29.700L,LINF_290022000
src_c29.70I,LINF_290005900
src_c29.710,LINF_290023300
src_c29.720I,LINF_290023350
src_c29.730I,LINF_290023500
src_c29.740I,LINF_290023560
src_c29.750,LINF_290026000
src_c29.760M,LINF_290026300
src_c29.770M,LINF_290026400
src_c29.780,LINF_290026700
src_c29.790,LINF_290027050
src_c29.80,LINF_290005900
src_c29.800M,LINF_290027050
src_c29.820O,LINF_290028200
src_c29.830N,LINF_290028700
src_c29.850O,LINF_290028850
src_c29.860O,LINF_290028900
src_c29.870O,LINF_290029000
src_c29.880O,LINF_290029100
src_c29.890N,LINF_290029100
src_c29.900N,LINF_290029200
src_c29.90B,LINF_290006030
src_c29.910N,LINF_290029550
src_c29.920P,LINF_290029900
src_c29.930N,LINF_290030000
src_c29.940P,LINF_290030100
src_c29.950O,LINF_290030150
src_c29.960,LINF_290030150
src_c29.970P,LINF_290030600
src_c29.980,LINF_290030600
src_c29.990P,LINF_290030650
src_c30.10,LINF_300004800
src_c30.100B,LINF_300013800
src_c30.110B,LINF_300014400
src_c30.120,LINF_300014500
src_c30.130C,LINF_300014500
src_c30.140B,LINF_300014900
src_c30.150B,LINF_300015100
src_c30.160C,LINF_300015100
src_c30.170B,LINF_300015700
src_c30.190E,LINF_300016400
src_c30.20,LINF_300005050
src_c30.200D,LINF_300016600
src_c30.210D,LINF_300017000
src_c30.230D,LINF_300017900
src_c30.240I,LINF_300019400
src_c30.250E,LINF_300019800
src_c30.260F,LINF_300019800
src_c30.280E,LINF_300019900
src_c30.290F,LINF_300019900
src_c30.300G,LINF_300019900
src_c30.310G,LINF_300019900
src_c30.320I,LINF_300020050
src_c30.340I,LINF_300020200
src_c30.360I,LINF_300021150
src_c30.370I,LINF_300021650
src_c30.380I,LINF_300022500
src_c30.390I,LINF_300022900
src_c30.40,LINF_300006300
src_c30.400I,LINF_300023500
src_c30.410J,LINF_300025450
src_c30.420J,LINF_300025600
src_c30.430J,LINF_300026050
src_c30.440L,LINF_300026050
src_c30.450J,LINF_300027100
src_c30.460J,LINF_300027100
src_c30.470J,LINF_300027200
src_c30.480J,LINF_300027200
src_c30.490K,LINF_300027200
src_c30.500,LINF_300027200
src_c30.510J,LINF_300027200
src_c30.520J,LINF_300027200
src_c30.530,LINF_300027250
src_c30.550J,LINF_300027300
src_c30.560J,LINF_300027300
src_c30.570K,LINF_300027600
src_c30.580,LINF_300028900
src_c30.590J,LINF_300028900
src_c30.600J,LINF_300028900
src_c30.60A,LINF_300008400
src_c30.610,LINF_300030800
src_c30.620,LINF_300030800
src_c30.630,LINF_300030800
src_c30.640L,LINF_300030800
src_c30.650L,LINF_300030900
src_c30.660L,LINF_300032050
src_c30.670M,LINF_300032500
src_c30.680M,LINF_300033300
src_c30.690N,LINF_300033950
src_c30.700,LINF_300034800
src_c30.70A,LINF_300008500
src_c30.710O,LINF_300036400
src_c30.720P,LINF_300036700
src_c30.730O,LINF_300036700
src_c30.740,LINF_300036800
src_c30.750O,LINF_300036800
src_c30.760O,LINF_300037000
src_c30.770,LINF_300037000
src_c30.780P,LINF_300037300
src_c30.790P,LINF_300037300
src_c30.800O,LINF_300037400
src_c30.80B,LINF_300011100
src_c30.810O,LINF_300037500
src_c30.820Q,LINF_300038700
src_c30.830P,LINF_300039400
src_c30.840R,LINF_300039400
src_c30.850Q,LINF_300039500
src_c30.860P,LINF_300039600
src_c30.870Q,LINF_300039600
src_c30.880R,LINF_300039700
src_c30.890N,LINF_300040550
src_c30.90B,LINF_300011200
src_c30.920P,LINF_300041000
src_c30.930P,LINF_300041100
src_c30.940P,LINF_300041100
src_c30.950P,LINF_300041850
src_c30.960,LINF_300042100
src_c30.970P,LINF_300042100
src_c30.980P,LINF_300042700
src_c30.990P,LINF_300042700
src_c31.1000T,LINF_310036700
src_c31.100E,LINF_310009750
src_c31.1010X,LINF_310036800
src_c31.1020X,LINF_310037900
src_c31.1030,LINF_310037950
src_c31.1040X,LINF_310038200
src_c31.1050,LINF_310039900
src_c31.110,LINF_310009800
src_c31.120E,LINF_310009850
src_c31.130,LINF_310009850
src_c31.140F,LINF_310009900
src_c31.150D,LINF_310010400
src_c31.160F,LINF_310010700
src_c31.170F,LINF_310011400
src_c31.190D,LINF_310012730
src_c31.200G,LINF_310013425
src_c31.20B,LINF_310005000
src_c31.210,LINF_310013900
src_c31.220G,LINF_310014100
src_c31.230G,LINF_310014225
src_c31.240,LINF_310014900
src_c31.250H,LINF_310016300
src_c31.260,LINF_310016350
src_c31.270,LINF_310016400
src_c31.280H,LINF_310016700
src_c31.290H,LINF_310017300
src_c31.300I,LINF_310018700
src_c31.30C,LINF_310005100
src_c31.310,LINF_310018950
src_c31.340J,LINF_310020050
src_c31.360J,LINF_310020700
src_c31.370J,LINF_310020750
src_c31.380,LINF_310020800
src_c31.390J,LINF_310020900
src_c31.400,LINF_310021000
src_c31.40C,LINF_310005100
src_c31.410K,LINF_310022400
src_c31.420K,LINF_310022500
src_c31.450M,LINF_310023300
src_c31.460M,LINF_310023860
src_c31.470M,LINF_310024830
src_c31.480M,LINF_310025150
src_c31.50B,LINF_310005300
src_c31.520N,LINF_310025600
src_c31.530N,LINF_310025650
src_c31.540,LINF_310025800
src_c31.550,LINF_310025900
src_c31.570R,LINF_310026700
src_c31.580R,LINF_310026900
src_c31.590O,LINF_310026900
src_c31.60,LINF_310008650
src_c31.600O,LINF_310026950
src_c31.610P,LINF_310026950
src_c31.640O,LINF_310027200
src_c31.650P,LINF_310027200
src_c31.660R,LINF_310027550
src_c31.670Q,LINF_310028200
src_c31.680R,LINF_310028400
src_c31.690L,LINF_310028450
src_c31.70,LINF_310008700
src_c31.700T,LINF_310028600
src_c31.710R,LINF_310028600
src_c31.720R,LINF_310029100
src_c31.730S,LINF_310029400
src_c31.740S,LINF_310029600
src_c31.750,LINF_310029900
src_c31.760T,LINF_310030000
src_c31.770T,LINF_310030175
src_c31.780U,LINF_310030300
src_c31.790U,LINF_310030550
src_c31.800T,LINF_310030900
src_c31.810T,LINF_310031000
src_c31.820,LINF_310031150
src_c31.830V,LINF_310031200
src_c31.840T,LINF_310031500
src_c31.850V,LINF_310031550
src_c31.860V,LINF_310031700
src_c31.870V,LINF_310031725
src_c31.880V,LINF_310032100
src_c31.910T,LINF_310032550
src_c31.920T,LINF_310032600
src_c31.930,LINF_310032600
src_c31.940W,LINF_310033500
src_c31.960W,LINF_310033750
src_c31.970T,LINF_310034650
src_c32.100B,LINF_320006300
src_c32.130A,LINF_320007600
src_c32.140B,LINF_320007600
src_c32.150A,LINF_320008400
src_c32.160B,LINF_320008400
src_c32.170A,LINF_320008500
src_c32.180B,LINF_320008500
src_c32.190C,LINF_320009500
src_c32.200D,LINF_320009700
src_c32.210D,LINF_320009900
src_c32.230,LINF_320010700
src_c32.240,LINF_320010700
src_c32.250D,LINF_320010700
src_c32.260E,LINF_320011650
src_c32.280D,LINF_320012400
src_c32.290E,LINF_320012600
src_c32.300,LINF_320013700
src_c32.310F,LINF_320014830
src_c32.340F,LINF_320015400
src_c32.350F,LINF_320015400
src_c32.360F,LINF_320015500
src_c32.370H,LINF_320016100
src_c32.380H,LINF_320017100
src_c32.390I,LINF_320017200
src_c32.400H,LINF_320017200
src_c32.40B,LINF_320005400
src_c32.410I,LINF_320018300
src_c32.420,LINF_320018400
src_c32.430,LINF_320018400
src_c32.440J,LINF_320018400
src_c32.450K,LINF_320019000
src_c32.460K,LINF_320019500
src_c32.470K,LINF_320019600
src_c32.480K,LINF_320019600
src_c32.490K,LINF_320020600
src_c32.500K,LINF_320020600
src_c32.50A,LINF_320005850
src_c32.510K,LINF_320020850
src_c32.520K,LINF_320020850
src_c32.540,LINF_320022600
src_c32.550,LINF_320023850
src_c32.560L,LINF_320024500
src_c32.570L,LINF_320024700
src_c32.580L,LINF_320025100
src_c32.590L,LINF_320025150
src_c32.600M,LINF_320025500
src_c32.60B,LINF_320005850
src_c32.610M,LINF_320025650
src_c32.620N,LINF_320025650
src_c32.640M,LINF_320026600
src_c32.650M,LINF_320026800
src_c32.660N,LINF_320027200
src_c32.680O,LINF_320028800
src_c32.700P,LINF_320029800
src_c32.710P,LINF_320030400-500
src_c32.720P,LINF_320030900
src_c32.730Q,LINF_320031600
src_c32.740,LINF_320031600
src_c32.750R,LINF_320032200
src_c32.760R,LINF_320032950
src_c32.770Q,LINF_320033250
src_c32.780Q,LINF_320033250
src_c32.790,LINF_320033250
src_c32.800,LINF_320034800
src_c32.810,LINF_320035800
src_c32.830S,LINF_320037800
src_c32.850,LINF_320038750
src_c32.860J,LINF_320038750
src_c32.870T,LINF_320038800
src_c32.880T,LINF_320039450
src_c32.890,LINF_320039700
src_c32.900,LINF_320042300
src_c32.90A,LINF_320006300
src_c32.920U,LINF_320046000
src_c32.930U,LINF_320046800
src_c33.1000,LINF_330038590
src_c33.100A,LINF_330007900
src_c33.1010,LINF_330038800
src_c33.1020R,LINF_330039200
src_c33.1030S,LINF_330039700
src_c33.1040R,LINF_330039700
src_c33.1050S,LINF_330039850
src_c33.1060R,LINF_330039850
src_c33.1070T,LINF_330039900
src_c33.1080T,LINF_330039900
src_c33.1090T,LINF_330040000
src_c33.110,LINF_330008100
src_c33.1100R,LINF_330040000
src_c33.1110T,LINF_330040400
src_c33.1120,LINF_330042350
src_c33.120,LINF_330008100
src_c33.140C,LINF_330010300
src_c33.150D,LINF_330010600
src_c33.160C,LINF_330010650
src_c33.170D,LINF_330010700
src_c33.180C,LINF_330011200
src_c33.190C,LINF_330012000
src_c33.200C,LINF_330012200
src_c33.20A,LINF_330005400
src_c33.210C,LINF_330012300
src_c33.220D,LINF_330012400
src_c33.230C,LINF_330012825
src_c33.250E,LINF_330014800
src_c33.260E,LINF_330015600
src_c33.270E,LINF_330015600
src_c33.290E,LINF_330016700
src_c33.300E,LINF_330016900
src_c33.30B,LINF_330006100
src_c33.310E,LINF_330017400
src_c33.320,LINF_330017600
src_c33.330,LINF_330018000
src_c33.340,LINF_330018000
src_c33.350,LINF_330018200
src_c33.360E,LINF_330018700
src_c33.370,LINF_330019100
src_c33.380F,LINF_330019200
src_c33.390H,LINF_330019200
src_c33.40A,LINF_330006700
src_c33.420H,LINF_330020600
src_c33.430,LINF_330020600
src_c33.440,LINF_330020600
src_c33.460F,LINF_330020800
src_c33.470H,LINF_330020800
src_c33.480H,LINF_330020900
src_c33.490H,LINF_330021100
src_c33.500H,LINF_330021100
src_c33.50A,LINF_330007000
src_c33.510G,LINF_330022100
src_c33.520,LINF_330022500
src_c33.530H,LINF_330022500
src_c33.540G,LINF_330022700
src_c33.550,LINF_330023450
src_c33.580I,LINF_330025200
src_c33.590I,LINF_330025400
src_c33.600J,LINF_330025500
src_c33.610I,LINF_330025600
src_c33.620I,LINF_330026700
src_c33.630I,LINF_330026700
src_c33.640,LINF_330026700
src_c33.650I,LINF_330027000
src_c33.660K,LINF_330028600
src_c33.670K,LINF_330028650
src_c33.680,LINF_330028850
src_c33.690,LINF_330028930
src_c33.700I,LINF_330029030
src_c33.70B,LINF_330007200
src_c33.710J,LINF_330030300
src_c33.720,LINF_330030900
src_c33.730L,LINF_330030900
src_c33.740M,LINF_330030900
src_c33.750L,LINF_330031900
src_c33.760M,LINF_330031900
src_c33.780N,LINF_330032000
src_c33.790N,LINF_330032400
src_c33.80,LINF_330007200
src_c33.800O,LINF_330034150
src_c33.810L,LINF_330034400
src_c33.820M,LINF_330034400
src_c33.840O,LINF_330036000
src_c33.860Q,LINF_330037200
src_c33.870P,LINF_330037600
src_c33.880P,LINF_330037730
src_c33.890Q,LINF_330037730
src_c33.900,LINF_330037900
src_c33.90B,LINF_330007450
src_c33.910,LINF_330038230
src_c33.920P,LINF_330038260
src_c33.940Q,LINF_330038475
src_c33.950P,LINF_330038475
src_c33.960P,LINF_330038575
src_c33.970Q,LINF_330038590
src_c33.980,LINF_330038590
src_c33.990P,LINF_330038590
src_c34.1000R,LINF_340034300
src_c34.100B,LINF_340008350
src_c34.1080S,LINF_340035100
src_c34.1090S,LINF_340035800
src_c34.1100S,LINF_340035800
src_c34.110B,LINF_340008350
src_c34.1110S,LINF_340036050
src_c34.1130T,LINF_340037300
src_c34.1140,LINF_340037300
src_c34.1150U,LINF_340037350
src_c34.1160V,LINF_340037350
src_c34.1170T,LINF_340037600
src_c34.1180W,LINF_340037800
src_c34.1200V,LINF_340037850
src_c34.1210T,LINF_340038100
src_c34.1220W,LINF_340038150
src_c34.1250X,LINF_340038400
src_c34.1270X,LINF_340038700
src_c34.1280V,LINF_340038800
src_c34.1290X,LINF_340038800
src_c34.1300X,LINF_340039100
src_c34.1320Z,LINF_340039400
src_c34.1340,LINF_340040800
src_c34.1350,LINF_340040900
src_c34.1360Y,LINF_340041050
src_c34.1370,LINF_340041200
src_c34.1380,LINF_340043400
src_c34.1390,LINF_340043400
src_c34.1400G,LINF_340043700
src_c34.1410AA,LINF_340044150
src_c34.1420,LINF_340046400
src_c34.1430AA,LINF_340046600
src_c34.1440,LINF_340047000
src_c34.1450AB,LINF_340047250
src_c34.1460AB,LINF_340047300
src_c34.1470,LINF_340048700
src_c34.1480,LINF_340048700
src_c34.1490AC,LINF_340050550
src_c34.1500AC,LINF_340050650
src_c34.160,LINF_340010650
src_c34.170,LINF_340010650
src_c34.180,LINF_340010950
src_c34.190E,LINF_340010950
src_c34.200,LINF_340011150
src_c34.20A,LINF_340004900
src_c34.240,LINF_340012000
src_c34.250,LINF_340012450
src_c34.260C,LINF_340013250
src_c34.270C,LINF_340013500
src_c34.280C,LINF_340013600
src_c34.290C,LINF_340013800
src_c34.300E,LINF_340014100
src_c34.30A,LINF_340004900
src_c34.310C,LINF_340014600
src_c34.320C,LINF_340014760
src_c34.330C,LINF_340015200
src_c34.400E,LINF_340015900
src_c34.410D,LINF_340016100
src_c34.420E,LINF_340016100
src_c34.430D,LINF_340016850
src_c34.470E,LINF_340017500
src_c34.480,LINF_340017550
src_c34.490,LINF_340017550
src_c34.500F,LINF_340018600
src_c34.50A,LINF_340005200
src_c34.510F,LINF_340018700
src_c34.520,LINF_340019500
src_c34.530F,LINF_340020200
src_c34.540G,LINF_340021600
src_c34.550,LINF_340022200
src_c34.560,LINF_340022850
src_c34.570E,LINF_340022900
src_c34.60A,LINF_340005600
src_c34.620J,LINF_340025100
src_c34.630J,LINF_340025800
src_c34.640K,LINF_340026200
src_c34.650G,LINF_340026200
src_c34.660H,LINF_340026200
src_c34.670K,LINF_340026700
src_c34.680G,LINF_340026700
src_c34.690,LINF_340026900
src_c34.70,LINF_340006100
src_c34.700J,LINF_340027100
src_c34.710K,LINF_340027100
src_c34.720G,LINF_340027100
src_c34.730H,LINF_340027100
src_c34.740J,LINF_340027150
src_c34.750,LINF_340028200
src_c34.760N,LINF_340029000
src_c34.770L,LINF_340029200
src_c34.780M,LINF_340029200
src_c34.790L,LINF_340029300
src_c34.80,LINF_340006500
src_c34.800M,LINF_340029300
src_c34.810,LINF_340029300
src_c34.820N,LINF_340029500
src_c34.830N,LINF_340030000
src_c34.840L,LINF_340030000
src_c34.850M,LINF_340030000
src_c34.860N,LINF_340030400
src_c34.880O,LINF_340032000
src_c34.890P,LINF_340032000
src_c34.900Q,LINF_340032500
src_c34.910O,LINF_340032600
src_c34.920,LINF_340033425
src_c34.930Q,LINF_340033475
src_c34.940Q,LINF_340033650
src_c34.950O,LINF_340033700
src_c34.960P,LINF_340033700
src_c34.970Q,LINF_340033750
src_c34.980,LINF_340033800
src_c34.990Q,LINF_340034100
src_c35.1000V,LINF_350045300
src_c35.100I,LINF_350011100
src_c35.1010V,LINF_350045600
src_c35.1020,LINF_350046600
src_c35.1030,LINF_350046600
src_c35.1040X,LINF_350048000
src_c35.1050I,LINF_350048200
src_c35.1060Y,LINF_350048200
src_c35.1070X,LINF_350048250
src_c35.1080,LINF_350048700
src_c35.1090,LINF_350048700
src_c35.110,LINF_350011600
src_c35.1100I,LINF_350048700
src_c35.1110I,LINF_350048700
src_c35.1120Y,LINF_350048700
src_c35.1130Z,LINF_350050300
src_c35.1140AA,LINF_350050700
src_c35.1150Z,LINF_350051150
src_c35.1160AA,LINF_350052050
src_c35.1170Z,LINF_350052100
src_c35.1180Z,LINF_350052600
src_c35.1190Z,LINF_350053500
src_c35.1200Z,LINF_350053800
src_c35.120C,LINF_350011700
src_c35.1210Z,LINF_350053800
src_c35.1220AB,LINF_350054750
src_c35.1230Z,LINF_350054900
src_c35.1250AC,LINF_350055450
src_c35.1260AD,LINF_350055450
src_c35.1270AC,LINF_350055500
src_c35.1280AB,LINF_350055600
src_c35.1290AB,LINF_350056000
src_c35.1300AB,LINF_350056200
src_c35.1320AB,LINF_350057400
src_c35.1330AE,LINF_350057500
src_c35.1340AE,LINF_350057600
src_c35.1350,LINF_350059100
src_c35.1360AC,LINF_350059100
src_c35.1370,LINF_350059300
src_c35.1380,LINF_350059300
src_c35.1390AC,LINF_350059400
src_c35.150,LINF_350012250
src_c35.160,LINF_350012800
src_c35.180,LINF_350012950
src_c35.190D,LINF_350012950
src_c35.200D,LINF_350013700
src_c35.210E,LINF_350014400
src_c35.220E,LINF_350014700
src_c35.230F,LINF_350014930
src_c35.240E,LINF_350014960
src_c35.270E,LINF_350015300
src_c35.300,LINF_350016200
src_c35.30A,LINF_350006930
src_c35.330J,LINF_350017400
src_c35.340J,LINF_350017850
src_c35.350F,LINF_350018500
src_c35.360J,LINF_350019100
src_c35.370K,LINF_350019700
src_c35.380L,LINF_350019700
src_c35.40A,LINF_350007400
src_c35.410L,LINF_350019930
src_c35.420K,LINF_350019930
src_c35.440M,LINF_350020700
src_c35.460M,LINF_350022100
src_c35.470M,LINF_350022300
src_c35.490M,LINF_350023200
src_c35.500,LINF_350024600
src_c35.50B,LINF_350007800
src_c35.510N,LINF_350025700
src_c35.520O,LINF_350025900
src_c35.540N,LINF_350026200
src_c35.550,LINF_350026500
src_c35.560,LINF_350027900
src_c35.570,LINF_350028500
src_c35.590I,LINF_350029100
src_c35.60,LINF_350008900
src_c35.600I,LINF_350029100
src_c35.610,LINF_350029100
src_c35.620,LINF_350029400
src_c35.640Q,LINF_350030600
src_c35.650I,LINF_350031200
src_c35.660Q,LINF_350032000
src_c35.670,LINF_350032600
src_c35.680I,LINF_350033100
src_c35.690,LINF_350033100
src_c35.700R,LINF_350033100
src_c35.70B,LINF_350009000
src_c35.710S,LINF_350033100
src_c35.720I,LINF_350033130
src_c35.730R,LINF_350033260
src_c35.740S,LINF_350033260
src_c35.750I,LINF_350033400
src_c35.760I,LINF_350034500
src_c35.770I,LINF_350034500
src_c35.780I,LINF_350035400
src_c35.800,LINF_350035900
src_c35.810,LINF_350036100
src_c35.820T,LINF_350037700
src_c35.830T,LINF_350038700
src_c35.840T,LINF_350038800
src_c35.850U,LINF_350039900
src_c35.880U,LINF_350040200
src_c35.890V,LINF_350040600
src_c35.90,LINF_350011100
src_c35.900,LINF_350041050
src_c35.910W,LINF_350041100
src_c35.930V,LINF_350041200
src_c35.940V,LINF_350041200
src_c35.960W,LINF_350042200
src_c35.970V,LINF_350042200
src_c35.990,LINF_350045100
src_c36.1000Y,LINF_360051850
src_c36.100C,LINF_360007800
src_c36.1010Y,LINF_360052250
src_c36.1020,LINF_360052500
src_c36.1030Z,LINF_360054700
src_c36.1040AA,LINF_360054800
src_c36.1050Z,LINF_360054800
src_c36.1060Z,LINF_360054900
src_c36.1070AA,LINF_360055000
src_c36.1080,LINF_360055600
src_c36.1090Z,LINF_360056400
src_c36.110,LINF_360009400
src_c36.1100Z,LINF_360057300
src_c36.1120AB,LINF_360058750
src_c36.1130AC,LINF_360058750
src_c36.1150AB,LINF_360059300
src_c36.1160AC,LINF_360059300
src_c36.1170,LINF_360059500
src_c36.1190,LINF_360060900
src_c36.1200,LINF_360060900
src_c36.120D,LINF_360011750
src_c36.1210AD,LINF_360061700
src_c36.1220AE,LINF_360062500
src_c36.1230AF,LINF_360062500
src_c36.1240,LINF_360062800
src_c36.1250AE,LINF_360063300
src_c36.1260AF,LINF_360063300
src_c36.1270AD,LINF_360063400
src_c36.1280AE,LINF_360063500
src_c36.1300AD,LINF_360064800
src_c36.130E,LINF_360011750
src_c36.1310AE,LINF_360064900
src_c36.1320AE,LINF_360066800
src_c36.1330AG,LINF_360068450
src_c36.1340AG,LINF_360068900
src_c36.1350AH,LINF_360069000
src_c36.1360AH,LINF_360069350
src_c36.1370AG,LINF_360069500
src_c36.1380,LINF_360070850
src_c36.1390,LINF_360072300
src_c36.1400AI,LINF_360072500
src_c36.140F,LINF_360012275
src_c36.1410AI,LINF_360073850
src_c36.1420AJ,LINF_360073900
src_c36.1430AJ,LINF_360074950
src_c36.1440,LINF_360076000
src_c36.1450AI,LINF_360076300
src_c36.1460AI,LINF_360076300
src_c36.1480AI,LINF_360077250
src_c36.1490,LINF_360078500
src_c36.1500AL,LINF_360078700
src_c36.150D,LINF_360012275
src_c36.1510AL,LINF_360079000
src_c36.1520AI,LINF_360079000
src_c36.1530AL,LINF_360079200
src_c36.1550AI,LINF_360079300
src_c36.1560AL,LINF_360079500
src_c36.1580AL,LINF_360080850
src_c36.160E,LINF_360012275
src_c36.170,LINF_360012750
src_c36.180F,LINF_360012800
src_c36.190D,LINF_360012800
src_c36.200E,LINF_360012800
src_c36.20A,LINF_360005250
src_c36.210F,LINF_360012950
src_c36.220D,LINF_360012950
src_c36.230E,LINF_360012950
src_c36.240E,LINF_360013100
src_c36.250G,LINF_360014100
src_c36.260E,LINF_360014100
src_c36.270,LINF_360014100
src_c36.280G,LINF_360014100
src_c36.290G,LINF_360014300
src_c36.300H,LINF_360014800
src_c36.30B,LINF_360005250
src_c36.310H,LINF_360015000
src_c36.320I,LINF_360015400
src_c36.330,LINF_360016100
src_c36.360J,LINF_360018000
src_c36.380,LINF_360018550
src_c36.390J,LINF_360018700
src_c36.40,LINF_360005250
src_c36.400K,LINF_360020150
src_c36.420K,LINF_360021400
src_c36.430M,LINF_360021400
src_c36.440L,LINF_360021400
src_c36.450K,LINF_360021500
src_c36.460M,LINF_360021500
src_c36.470L,LINF_360021550
src_c36.480L,LINF_360021600
src_c36.490L,LINF_360021650
src_c36.500K,LINF_360021750
src_c36.50A,LINF_360005800
src_c36.510L,LINF_360022600
src_c36.520N,LINF_360024650
src_c36.540N,LINF_360025950
src_c36.550,LINF_360026000
src_c36.570,LINF_360027300
src_c36.580,LINF_360027400
src_c36.590,LINF_360027750
src_c36.600O,LINF_360028400
src_c36.60B,LINF_360005800
src_c36.610O,LINF_360029400
src_c36.630,LINF_360030000
src_c36.640P,LINF_360030300
src_c36.650,LINF_360030700
src_c36.670R,LINF_360031200
src_c36.680Q,LINF_360031450
src_c36.690S,LINF_360031600
src_c36.700S,LINF_360031900
src_c36.70C,LINF_360006450
src_c36.710S,LINF_360031900
src_c36.730R,LINF_360032800
src_c36.740,LINF_360032800
src_c36.750,LINF_360033550
src_c36.770,LINF_360033600
src_c36.780T,LINF_360034350
src_c36.790U,LINF_360035130
src_c36.800U,LINF_360035400
src_c36.820U,LINF_360036100
src_c36.830,LINF_360036900
src_c36.840,LINF_360040000
src_c36.850,LINF_360041200
src_c36.860,LINF_360043000
src_c36.870,LINF_360044300
src_c36.880V,LINF_360044900
src_c36.900V,LINF_360047000
src_c36.910,LINF_360048300
src_c36.920W,LINF_360048500
src_c36.930W,LINF_360049000
src_c36.940W,LINF_360049000
src_c36.950,LINF_360049750
src_c36.960,LINF_360050000
src_c36.970X,LINF_360050300
src_c36.980X,LINF_360051300
src_c36.990,LINF_360051800
src_c01.110,LINF_010010350
src_c02.10,LINF_020004900
src_c02.150D,LINF_020011300
src_c02.160,LINF_020012100
src_c02.170D,LINF_020012300
src_c03.50A,LINF_030013100
src_c03.60,LINF_030014000
src_c03.70,LINF_030015100
src_c04.20A,LINF_040005000
src_c04.50A,LINF_040006000
src_c05.10,LINF_050004600
src_c05.120,LINF_050014900
src_c05.140B,LINF_050015850
src_c05.150,LINF_050016150
src_c05.160,LINF_050016500
src_c06.10,LINF_060004900
src_c06.190,LINF_060016800
src_c06.270,LINF_060019150
src_c06.280,LINF_060019300
src_c07.10A,LINF_070004600
src_c07.120D,LINF_070010160
src_c07.190B,LINF_070013950
src_c07.20B,LINF_070004800
src_c07.230E,LINF_070015100
src_c07.240,LINF_070015150
src_c07.320A,LINF_070018450
src_c07.50C,LINF_070005800
src_c08.10,LINF_080018475
src_c08.130D,LINF_080011900
src_c08.150D,LINF_080012000
src_c08.160D,LINF_080012100
src_c08.170D,LINF_080012200
src_c08.180D,LINF_080012300
src_c08.190D,LINF_080012400
src_c08.210E,LINF_080012800
src_c08.220E,LINF_080012850
src_c08.230E,LINF_080012900
src_c08.240E,LINF_080012950
src_c08.320F,LINF_080016900
src_c08.330F,LINF_080017000
src_c08.350F,LINF_080017760
src_c08.50A,LINF_080007900
src_c09.100,LINF_090010600
src_c09.10A,LINF_090004800
src_c09.110,LINF_090012000
src_c09.130C,LINF_090016500
src_c09.160C,LINF_090017200
src_c09.320A,LINF_090023300
src_c09.40D,LINF_090007700
src_c09.90,LINF_090008800
src_c10.180B,LINF_100009500
src_c10.190D,LINF_100010050
src_c10.430,LINF_100021300
src_c10.80,LINF_100008300
src_c11.100E,LINF_110009710
src_c11.10A,LINF_110005000
src_c11.120G,LINF_110009720
src_c11.130D,LINF_110010200
src_c11.330H,LINF_110014500
src_c11.340H,LINF_110014900
src_c11.420A,LINF_110019725
src_c11.90D,LINF_110009800
src_c12.110C,LINF_120008300
src_c12.150,LINF_120010250
src_c12.210,LINF_120010900
src_c12.260F,LINF_120012600
src_c12.280F,LINF_120013300
src_c12.300F,LINF_120013800
src_c12.310F,LINF_120014100-200
src_c12.320F,LINF_120014800
src_c12.440,LINF_120017750
src_c12.50B,LINF_120007000
src_c12.70,LINF_120007960
src_c13.110D,LINF_130011000
src_c13.150E,LINF_130012700
src_c14.110B,LINF_140009100
src_c14.320,LINF_140017650
src_c14.390,LINF_140020450
src_c14.400,LINF_140020550
src_c14.420,LINF_140021425
src_c14.50B,LINF_140008300
src_c14.80B,LINF_140008850
src_c14.90B,LINF_140008900
src_c15.10,LINF_150004900
src_c15.140C,LINF_150013950
src_c15.200E,LINF_150019850
src_c16.10,LINF_160004900
src_c16.280D,LINF_160017350
src_c16.300,LINF_160019700
src_c16.410,LINF_160022925
src_c17.110B,LINF_170010000
src_c17.20A,LINF_170007500
src_c17.230C,LINF_170012950
src_c17.30A,LINF_170007600
src_c17.350D,LINF_170017750
src_c17.360,LINF_170018600
src_c17.370,LINF_170018800
src_c17.40A,LINF_170007700
src_c17.500D,LINF_170021560
src_c17.50A,LINF_170007800
src_c17.510,LINF_170021700
src_c17.530,LINF_170022300
src_c17.90A,LINF_170008600
src_c18.130C,LINF_180009000
src_c18.190D,LINF_180010900
src_c18.200,LINF_180010950
src_c18.240,LINF_180011850
src_c18.260G,LINF_180014600
src_c18.270G,LINF_180014600
src_c18.300I,LINF_180015960
src_c18.470L,LINF_180020050
src_c18.520N,LINF_180021200
src_c18.560L,LINF_180022300
src_c18.600,LINF_180022600
src_c18.90C,LINF_180007650
src_c19.200D,LINF_190014000
src_c19.210D,LINF_190014200
src_c19.230F,LINF_190015200
src_c19.240,LINF_190015250
src_c19.280G,LINF_190015900
src_c19.380H,LINF_190018850
src_c19.390H,LINF_190019000
src_c19.400H,LINF_190019150
src_c19.420F,LINF_190019700
src_c19.430J,LINF_190019900
src_c19.470K,LINF_190020450
src_c19.480J,LINF_190020600
src_c19.540F,LINF_190021700
src_c20.10,LINF_200004900
src_c20.310F,LINF_200016760
src_c20.330F,LINF_200017100
src_c21.10,LINF_210004800
src_c21.130A,LINF_210012830
src_c21.220B,LINF_210018600
src_c21.230,LINF_210019560
src_c21.270C,LINF_210022100
src_c21.430,LINF_210028800
src_c22.10,LINF_220004900
src_c22.20,LINF_220005030
src_c22.350,LINF_220014000
src_c22.380D,LINF_220014400
src_c22.60,LINF_220006550
src_c23.10,LINF_230004800
src_c23.150E,LINF_230008400
src_c23.20,LINF_230006900
src_c23.210,LINF_230010500
src_c23.220F,LINF_230010700
src_c23.290,LINF_230011900
src_c23.30A,LINF_230007000
src_c23.310H,LINF_230013100
src_c23.320G,LINF_230013100
src_c23.510,LINF_230018050
src_c23.590L,LINF_230020500
src_c23.660N,LINF_230023600
src_c23.670O,LINF_230023700
src_c23.700O,LINF_230025500
src_c23.730,LINF_230026600
src_c24.180E,LINF_240012600
src_c24.280F,LINF_240016930
src_c24.340,LINF_240017900
src_c24.460D,LINF_240021850
src_c24.560K,LINF_240026650
src_c24.90,LINF_240008400
src_c25.210F,LINF_250019500
src_c25.270G,LINF_250021260
src_c25.420,LINF_250031900
src_c26.230D,LINF_260019800
src_c26.360E,LINF_260024450
src_c26.370G,LINF_260024600
src_c26.430H,LINF_260026160
src_c26.450G,LINF_260029800-900
src_c26.460,LINF_260031000
src_c26.560A,LINF_260033000
src_c26.90,LINF_260009400
src_c27.10,LINF_270004800
src_c27.130A,LINF_270008800
src_c27.170,LINF_270010160
src_c27.270,LINF_270014300
src_c27.500I,LINF_270020760
src_c27.50A,LINF_270007050
src_c27.510I,LINF_270020900
src_c27.520I,LINF_270021100
src_c27.590I,LINF_270023150
src_c27.60A,LINF_270007250
src_c27.640,LINF_270024500
src_c27.670K,LINF_270024750
src_c27.730N,LINF_270027850
src_c27.800,LINF_270033800
src_c27.810,LINF_270033890
src_c28.10,LINF_280004800
src_c28.170,LINF_280016550
src_c28.350G,LINF_280021800
src_c28.430I,LINF_280027750
src_c29.100C,LINF_290006030
src_c29.1090,LINF_290033100
src_c29.10A,LINF_290004800
src_c29.110D,LINF_290006550
src_c29.1110Q,LINF_290034100
src_c29.1120R,LINF_290035050
src_c29.1150O,LINF_290035600
src_c29.250D,LINF_290013350
src_c29.30C,LINF_290005350
src_c29.320F,LINF_290014550
src_c29.370H,LINF_290015600
src_c29.380,LINF_290015950
src_c29.440I,LINF_290019415
src_c29.50C,LINF_290005550
src_c29.530,LINF_290020150
src_c29.810N,LINF_290028200
src_c30.1000,LINF_300043200
src_c30.180D,LINF_300016000
src_c30.270G,LINF_300019800
src_c30.30,LINF_300005950
src_c30.330I,LINF_300020100
src_c30.350H,LINF_300021125
src_c30.50A,LINF_300008300
src_c30.540H,LINF_300027250
src_c30.900P,LINF_300040600
src_c30.910P,LINF_300040800
src_c31.1060A,LINF_310041000
src_c31.10A,LINF_310004900
src_c31.180,LINF_310012600
src_c31.330I,LINF_310019550
src_c31.350,LINF_310020200
src_c31.430,LINF_310022700
src_c31.440L,LINF_310022950
src_c31.490L,LINF_310025225
src_c31.500N,LINF_310025275
src_c31.510L,LINF_310025500
src_c31.560,LINF_310025900
src_c31.620Q,LINF_310027000
src_c31.630R,LINF_310027200
src_c31.890V,LINF_310032300
src_c31.900W,LINF_310032550
src_c31.90D,LINF_310009500
src_c31.980W,LINF_310034650
src_c31.990,LINF_310035150
src_c32.10,LINF_320004700
src_c32.120A,LINF_320007300
src_c32.20,LINF_320005300
src_c32.220C,LINF_320010130
src_c32.270E,LINF_320012050
src_c32.30A,LINF_320005400
src_c32.320G,LINF_320014830
src_c32.330G,LINF_320015100
src_c32.630M,LINF_320026400
src_c32.670M,LINF_320027300
src_c32.80A,LINF_320006200
src_c32.820S,LINF_320037070
src_c32.910,LINF_320044000
src_c33.10,LINF_330004900
src_c33.130A,LINF_330008450
src_c33.450,LINF_330020600
src_c33.560I,LINF_330024550
src_c33.60A,LINF_330007050
src_c33.770N,LINF_330031900
src_c33.850Q,LINF_330036500
src_c33.930P,LINF_330038450
src_c34.10,LINF_340004800
src_c34.1010B,LINF_340034300
src_c34.1020R,LINF_340034400
src_c34.1030R,LINF_340034500
src_c34.1040R,LINF_340034600
src_c34.1050R,LINF_340034700
src_c34.1060R,LINF_340034800
src_c34.1070R,LINF_340034900
src_c34.1120,LINF_340036600
src_c34.1190U,LINF_340037800
src_c34.120B,LINF_340010300
src_c34.1230U,LINF_340038150
src_c34.130E,LINF_340010400
src_c34.1310Y,LINF_340039300
src_c34.1330Z,LINF_340039800
src_c34.140E,LINF_340010500
src_c34.150E,LINF_340010600
src_c34.1510,LINF_340052000
src_c34.1520AC,LINF_340052300
src_c34.210,LINF_340011200
src_c34.220C,LINF_340011600
src_c34.230,LINF_340011730
src_c34.340E,LINF_340015400
src_c34.350E,LINF_340015450
src_c34.360E,LINF_340015500
src_c34.370E,LINF_340015600
src_c34.380E,LINF_340015700
src_c34.390E,LINF_340015800
src_c34.40A,LINF_340005030
src_c34.440,LINF_340017350
src_c34.460B,LINF_340017450
src_c34.580H,LINF_340024100
src_c34.590I,LINF_340024200
src_c34.600I,LINF_340024600
src_c34.610H,LINF_340024900
src_c34.90B,LINF_340008000
src_c35.10A,LINF_350005200
src_c35.1240,LINF_350055450
src_c35.130,LINF_350011900
src_c35.1400AD,LINF_350059400
src_c35.140C,LINF_350012100
src_c35.170C,LINF_350012900
src_c35.20A,LINF_350005300
src_c35.250G,LINF_350015200
src_c35.260G,LINF_350015200
src_c35.280H,LINF_350016000
src_c35.290H,LINF_350016100
src_c35.310,LINF_350016200
src_c35.320I,LINF_350016250
src_c35.430F,LINF_350020150
src_c35.480M,LINF_350022800
src_c35.530O,LINF_350026000
src_c35.580P,LINF_350028660
src_c35.630P,LINF_350029730
src_c35.80,LINF_350010400
src_c35.870V,LINF_350040200
src_c35.920W,LINF_350041200
src_c36.10,LINF_360005000
src_c36.1110,LINF_360058200
src_c36.1140,LINF_360058750
src_c36.1180,LINF_360060860
src_c36.1470AK,LINF_360077250
src_c36.1540AK,LINF_360079300
src_c36.350J,LINF_360017400
src_c36.370I,LINF_360018550
src_c36.410L,LINF_360021150
src_c36.530N,LINF_360025950
src_c36.560N,LINF_360026700
src_c36.620P,LINF_360029950
src_c36.660Q,LINF_360030800
src_c36.720R,LINF_360032100
src_c36.760T,LINF_360033550
src_c36.810U,LINF_360035560
src_c36.890V,LINF_360045300
src_c36.90C,LINF_360007500
